id,name,username
252730787,Blue Shirt Project,blueshirtday1
3155691198,Desert loner,thedesertloner
2066991,Jonathan FieldğŸŸ£,sparkyards
1137421188525961216,Hulasebdender ğŸ¦‰ Schruti ğŸ•·,HSchruti
60636401,Shantanu Shriram Bhadkamkar,SSBATC
1521891662959685632,ihavegoodteeth,skimak341
1409194013836652548,V Knives,VKnives69
1482309645133881346,Alicia,alicia53roberts
550046161,Kerr@,YodaShakesHead
1525822369440206849,Jim Robinson,Jim_Robinson199
1481693051630370819,Arch,Wes_Phill
1283327968744558593,ninguem importante,eusouninguemok
1445989134405980162,ğŸ¦€â˜•,CriticalMalthus
1324889974349697024,Willie Ross Jr. Knee Deep,RossKneeDeep
1387007104880422912,Sally Sparrow,SallySp80
1435371577848258561,Rockhopper,R0ckhopp3r
1511919210263367680,Venita Mossa,MossaVenita
2429359615,Michael S.,Truthbandit19
1496391068509741058,Milo Dame,DameMilo87
1535962288066138112,hase,endlesserrata
1512188440946917382,Divergent,BasedTruth6969
1489722712150978563,Eileen__Riveraopy7967,riveraopy7967
950824466132561920,FreeThinker100,freethinking100
1468513783480188929,ğŸ„¾ğŸ„µğŸ„µğŸ„´ğŸ„½ğŸ„³ğŸ„´ğŸ…ğŸ…‡,MoralPanic84
